,lemma,grammaticalCategory,inflectedForm_1,grammaticalSubCategory,locution,inflectedForm_2,inflectedForm_3,inflectedForm_4,inflectedForm_5,inflectedForm_6,inflectedForm_7,inflectedForm_8
0,a,preposition,a,,,,,,,,,
1,afin de,conjunction,afin de,subordination,oui,,,,,,,
2,afin de,preposition,afin de,,oui,afin d',,,,,,
3,afin que,conjunction,afin que,subordination,oui,afin qu',,,,,,
4,ains,conjunction,ains,coordination,,,,,,,,
5,ainsi,conjunction,ainsi,subordination,,,,,,,,
6,ainsi que,conjunction,ainsi que,coordination,oui,ainsi qu',,,,,,
7,ainsi que,conjunction,ainsi que,subordination,oui,ainsi qu',,,,,,
8,alors,conjunction,alors,coordination,,,,,,,,
9,alors même que,conjunction,alors même que,subordination,oui,alors même qu',,,,,,
10,alors que,conjunction,alors que,subordination,oui,alors qu',,,,,,
11,apr.,preposition,apr.,abbreviation,,,,,,,,
12,après,preposition,après,,,,,,,,,
13,après que,conjunction,après que,subordination,oui,après qu',,,,,,
14,assez de,determiner,assez de,indefinite,oui,assez d',assez de la,assez des,assez du,,,
15,attendu,preposition,attendu,,,,,,,,,
16,attendu que,conjunction,attendu que,subordination,oui,attendu qu',,,,,,
17,au,preposition,au,determinant,,aux,,,,,,
18,au,determiner,au,definite,,,,,,,,
19,au beau milieu de,preposition,au beau milieu de,,oui,au beau milieu d',,,,,,
20,au bord de,preposition,au bord de,,oui,au bord d',,,,,,
21,au bout de,preposition,au bout de,,oui,au bout d',,,,,,
22,au cas où,conjunction,au cas où,subordination,oui,,,,,,,
23,au centre de,preposition,au centre de,,oui,au centre d',,,,,,
24,au comble de,preposition,au comble de,,oui,au comble d',,,,,,
25,au cours de,preposition,au cours de,,oui,au cours d',,,,,,
26,au côté de,preposition,au côté de,,oui,au côté d',,,,,,
27,au dehors de,preposition,au dehors de,,oui,au dehors d',,,,,,
28,au delà de,preposition,au delà de,,oui,au delà d',,,,,,
29,au dessous de,preposition,au dessous de,,oui,au dessous d',,,,,,
30,au devant de,preposition,au devant de,,oui,au devant d',,,,,,
31,au fond de,preposition,au fond de,,oui,au fond d',,,,,,
32,au fur et à mesure de,preposition,au fur et à mesure de,,oui,au fur et à mesure d',,,,,,
33,au fur et à mesure que,conjunction,au fur et à mesure que,subordination,oui,au fur et à mesure qu',,,,,,
34,au grand dam de,preposition,au grand dam de,,oui,au grand dam d',,,,,,
35,au gré de,preposition,au gré de,,oui,au gré d',,,,,,
36,au large de,preposition,au large de,,oui,au large d',,,,,,
37,au lieu de,preposition,au lieu de,,oui,au lieu d',,,,,,
38,au long de,preposition,au long de,,oui,au long d',,,,,,
39,au milieu de,preposition,au milieu de,,oui,au milieu d',,,,,,
40,au moment de,preposition,au moment de,,oui,au moment d',,,,,,
41,au moment où,conjunction,au moment où,subordination,oui,,,,,,,
42,au moyen de,preposition,au moyen de,,oui,au moyen d',,,,,,
43,au même titre que,conjunction,au même titre que,coordination,oui,au même titre qu',,,,,,
44,au même titre que,conjunction,au même titre que,subordination,oui,au même titre qu',,,,,,
45,au nom de,preposition,au nom de,,oui,au nom d',,,,,,
46,au point de,preposition,au point de,,oui,au point d',,,,,,
47,au point que,conjunction,au point que,subordination,oui,au point qu',,,,,,
48,au prorata de,preposition,au prorata de,,oui,au prorata d',,,,,,
49,au ras de,preposition,au ras de,,oui,au ras d',,,,,,
50,au sein de,preposition,au sein de,,oui,au sein d',,,,,,
51,au sortir de,preposition,au sortir de,,oui,au sortir d',,,,,,
52,au sujet de,preposition,au sujet de,,oui,au sujet d',,,,,,
53,au terme de,preposition,au terme de,,oui,au terme d',,,,,,
54,au travers de,preposition,au travers de,,oui,au travers d',,,,,,
55,au tréfonds de,preposition,au tréfonds de,,oui,au tréfonds d',,,,,,
56,au vu de,preposition,au vu de,,oui,au vu d',,,,,,
57,au vu et au su de,preposition,au vu et au su de,,oui,au vu et au su d',,,,,,
58,au-delà de,preposition,au-delà de,,,au delà d',au delà de,au-delà d',,,,
59,au-dessous de,preposition,au-dessous de,,oui,au-dessous d',,,,,,
60,au-dessus de,preposition,au-dessus de,,,au-dessus d',,,,,,
61,au-devant de,preposition,au-devant de,,,au-devant d',,,,,,
62,aucun,pronoun,aucun,indefinite,,aucune,,,,,,
63,aucun,determiner,aucun,indefinite,,aucune,aucuns,aucunes,,,,
64,audit,preposition,audit,adjective,,auxdites,auxdits,,,,,
65,auprès de,preposition,auprès de,,oui,auprès d',,,,,,
66,auquel,pronoun,auquel,relative,,auxquelles,auxquels,,,,,
67,aussi,conjunction,aussi,subordination,,,,,,,,
68,aussi bien que,conjunction,aussi bien que,subordination,oui,aussi bien qu',,,,,,
69,aussitôt que,conjunction,aussitôt que,subordination,oui,aussitôt qu',,,,,,
70,autant de,determiner,autant de,indefinite,oui,autant d',autant de la,autant des,autant du,,,
71,autant dire que,conjunction,autant dire que,subordination,oui,autant dire qu',,,,,,
72,autant que,conjunction,autant que,subordination,oui,autant qu',,,,,,
73,autour,preposition,autour,,,,,,,,,
74,autour de,preposition,autour de,,oui,autour d',,,,,,
75,autre,pronoun,autre,indefinite,,autres,,,,,,
76,autre chose,pronoun,autre chose,indefinite,,,,,,,,
77,autrui,pronoun,autrui,indefinite,,,,,,,,
78,aux bons soins de,preposition,aux bons soins de,,oui,aux bons soins d',,,,,,
79,aux confins de,preposition,aux confins de,,oui,aux confins d',,,,,,
80,aux dépens de,preposition,aux dépens de,,oui,aux dépens d',,,,,,
81,av.,preposition,av.,abbreviation,,,,,,,,
82,avant,preposition,avant,,,avt,,,,,,
83,avant de,preposition,avant de,,oui,avant d',,,,,,
84,avant même de,preposition,avant même de,,oui,avant même d',,,,,,
85,avant même que,conjunction,avant même que,subordination,oui,avant même qu',,,,,,
86,avant que,conjunction,avant que,subordination,oui,avant qu',,,,,,
87,avant que de,preposition,avant que de,,oui,avant que d',,,,,,
88,avec,preposition,avec,,,,,,,,,
89,bcp de,determiner,bcp de,indefinite,oui,,,,,,,
90,beaucoup de,determiner,beaucoup de,indefinite,,beaucoup d',beaucoup de la,beaucoup des,beaucoup du,,,
91,because,preposition,because,,,,,,,,,
92,because,conjunction,because,subordination,,,,,,,,
93,bicause,preposition,bicause,,,,,,,,,
94,bicause,conjunction,bicause,subordination,,,,,,,,
95,bien de,determiner,bien de,indefinite,oui,bien de la,bien des,bien du,,,,
96,bien que,conjunction,bien que,subordination,oui,bien qu',,,,,,
97,bref,conjunction,bref,subordination,,,,,,,,
98,c'est pourquoi,conjunction,c'est pourquoi,coordination,oui,,,,,,,
99,c'est pourquoi,conjunction,c'est pourquoi,subordination,oui,,,,,,,
100,c'est à dire,conjunction,c'est à dire,coordination,oui,,,,,,,
101,c'est à dire,conjunction,c'est à dire,subordination,oui,,,,,,,
102,c'est à dire que,conjunction,c'est à dire que,subordination,oui,c'est à dire qu',,,,,,
103,c'est-à-dire,conjunction,c'est-à-dire,coordination,,c-à-d,c.-à.-d.,càd,,,,
104,c'est-à-dire,conjunction,c'est-à-dire,subordination,,,,,,,,
105,c'est-à-dire que,conjunction,c'est-à-dire que,subordination,oui,,,,,,,
106,c't',determiner,c't',demonstrative,,,,,,,,
107,c.-à-d,conjunction,c.-à-d,coordination,,,,,,,,
108,car,conjunction,car,coordination,,,,,,,,
109,cause de,preposition,cause de,,oui,cause d',,,,,,
110,ce,determiner,ce,demonstrative,,ces,cet,cette,,,,
111,ce,pronoun,c',demonstrative,,ce,,,,,,
112,ce,pronoun,ce,personal,,c',ç',,,,,
113,ce putain de,determiner,ce putain de,demonstrative,oui,ces putain de,cette putain de,,,,,
114,ce que,conjunction,ce que,subordination,,ce qu',,,,,,
115,ceci,pronoun,ceci,demonstrative,,,,,,,,
116,cela,pronoun,cela,demonstrative,,,,,,,,
117,celui,pronoun,celle,demonstrative,,celles,celui,ceux,,,,
118,celui-ci,pronoun,celui-ci,demonstrative,,celle-ci,ceux-ci,celles-ci,,,,
119,celui-là,pronoun,celui-là,demonstrative,,ceux-là,celle-là,celles-là,,,,
120,cent,numeral,cent,,,cents,,,,,,
121,cependant,conjunction,cependant,subordination,,,,,,,,
122,cependant que,conjunction,cependant que,subordination,oui,cependant qu',,,,,,
123,certain,determiner,certain,indefinite,,certaine,certaines,certains,,,,
124,certain,pronoun,certaines,indefinite,,certains,certain,,,,,
125,cf,preposition,cf,,,confer,,,,,,
126,cf.,preposition,cf.,abbreviation,,,,,,,,
127,chacun,pronoun,chacun,indefinite,,chacune,,,,,,
128,chaqu' fois que,conjunction,chaqu' fois que,subordination,oui,chaqu' fois qu',,,,,,
129,chaque,determiner,chaque,indefinite,,,,,,,,
130,chaque fois que,conjunction,chaque fois que,subordination,oui,chaque fois qu',,,,,,
131,che,pronoun,che,personal,,ch',,,,,,
132,chez,preposition,chez,,,,,,,,,
133,ci,pronoun,ci,demonstrative,,,,,,,,
134,ci-devant,preposition,ci-devant,,,,,,,,,
135,cinq,numeral,cinq,,,,,,,,,
136,cinquante,numeral,cinquante,,,,,,,,,
137,cinquante-cinq,numeral,cinquante-cinq,,,,,,,,,
138,cinquante-deux,numeral,cinquante-deux,,,,,,,,,
139,cinquante-et-un,numeral,cinquante-et-un,,,,,,,,,
140,cinquante-huit,numeral,cinquante-huit,,,,,,,,,
141,cinquante-neuf,numeral,cinquante-neuf,,,,,,,,,
142,cinquante-quatre,numeral,cinquante-quatre,,,,,,,,,
143,cinquante-sept,numeral,cinquante-sept,,,,,,,,,
144,cinquante-six,numeral,cinquante-six,,,,,,,,,
145,cinquante-trois,numeral,cinquante-trois,,,,,,,,,
146,combien,pronoun,combien,interrogative,,,,,,,,
147,combien de,determiner,combien de,indefinite,oui,combien d',combien de la,combien des,combien du,,,
148,comme,conjunction,comme,subordination,,,,,,,,
149,comme,conjunction,comme,coordination,,,,,,,,
150,comme,preposition,comme,,,,,,,,,
151,comme si,conjunction,comme si,subordination,oui,,,,,,,
152,comment,conjunction,comment,subordination,,,,,,,,
153,comment,pronoun,comment,interrogative,,,,,,,,
154,concernant,preposition,concernant,,,,,,,,,
155,conf.,preposition,conf.,abbreviation,,,,,,,,
156,considérant,preposition,considérant,,,,,,,,,
157,considérant que,conjunction,considérant que,subordination,oui,considérant qu',,,,,,
158,considéré,preposition,considéré,,,,,,,,,
159,considéré que,conjunction,considéré que,subordination,oui,considéré qu',,,,,,
160,contre,preposition,contr',,,contre,,,,,,
161,crainte de,conjunction,crainte de,subordination,oui,,,,,,,
162,ct',determiner,ct',demonstrative,,,,,,,,
163,cézigue,pronoun,cézigue,personal,,,,,,,,
164,d'après,preposition,d'après,,oui,,,,,,,
165,d'autant plus que,conjunction,d'autant plus que,subordination,oui,d'autant plus qu',,,,,,
166,d'autant que,conjunction,d'autant que,subordination,oui,d'autant qu',,,,,,
167,d'avis de,preposition,d'avis de,,oui,d'avis d',,,,,,
168,d'entre,preposition,d'entre,,oui,,,,,,,
169,d'ici,preposition,d'ici,,oui,,,,,,,
170,d'ici à,preposition,d'ici à,,oui,,,,,,,
171,d'où,conjunction,d'où,coordination,oui,,,,,,,
172,d'où,conjunction,d'où,subordination,oui,,,,,,,
173,dans,preposition,dans,,,,,,,,,
174,dans la mesure où,conjunction,dans la mesure où,subordination,oui,,,,,,,
175,dans le but que,conjunction,dans le but que,subordination,oui,dans le but qu',,,,,,
176,de,determiner,d',indefinite,,de,des,du,,,,
177,de,preposition,de,,,d',,,,,,
178,de ce que,conjunction,de ce que,subordination,oui,de ce qu',,,,,,
179,de chez,preposition,de chez,,oui,,,,,,,
180,de derrière,preposition,de derrière,,oui,,,,,,,
181,de drôle de,determiner,de drôle de,indefinite,oui,,,,,,,
182,de l'ordre de,preposition,de l'ordre de,,oui,de l'ordre d',,,,,,
183,de la,determiner,de la,indefinite,,,,,,,,
184,de manière que,conjunction,de manière que,subordination,oui,de manière qu',,,,,,
185,de manière à,preposition,de manière à,,oui,,,,,,,
186,de manière à ce que,conjunction,de manière à ce que,subordination,oui,de manière à ce qu',,,,,,
187,de même que,conjunction,de même que,subordination,oui,de même qu',,,,,,
188,de par,preposition,de par,,oui,,,,,,,
189,de parce que,conjunction,de parce que,subordination,oui,de parce qu',,,,,,
190,de part et d'autre de,preposition,de part et d'autre de,,oui,de part et d'autre d',,,,,,
191,de près,preposition,de près,,oui,,,,,,,
192,de sorte que,conjunction,de sorte que,subordination,oui,de sorte qu',,,,,,
193,de tel,determiner,de tel,indefinite,oui,de telles,de tels,,,,,
194,de tel sorte que,conjunction,de tel sorte que,subordination,oui,de telle sorte qu',de telle sorte que,,,,,
195,dedans,preposition,dedans,,,,,,,,,
196,dehors,preposition,dehors,,,,,,,,,
197,depuis,preposition,depuis,,,,,,,,,
198,depuis que,conjunction,depuis que,subordination,oui,depuis qu',,,,,,
199,derrière,preposition,derrière,,,,,,,,,
200,des fois que,conjunction,des fois que,subordination,oui,des fois qu',,,,,,
201,dessous,preposition,dessous,,,,,,,,,
202,dessus,preposition,dessus,,,,,,,,,
203,deux,numeral,deux,,,,,,,,,
204,devant,preposition,devant,,,,,,,,,
205,devers,preposition,devers,,,,,,,,,
206,dieu sait quel,determiner,dieu sait quel,indefinite,oui,dieu sait quelle,dieu sait quelles,dieu sait quels,,,,
207,différents,determiner,différentes,indefinite,,différents,,,,,,
208,divers,determiner,divers,indefinite,,diverses,,,,,,
209,dix,numeral,dix,,,,,,,,,
210,dix-huit,numeral,dix-huit,,,,,,,,,
211,dix-neuf,numeral,dix-neuf,,,,,,,,,
212,dix-sept,numeral,dix-sept,,,,,,,,,
213,dixit,preposition,dixit,,,,,,,,,
214,donc,conjunction,donc,coordination,,,,,,,,
215,donc,conjunction,donc,subordination,,,,,,,,
216,dont,pronoun,dont,relative,,,,,,,,
217,dont,preposition,dont,,,,,,,,,
218,douze,numeral,douze,,,,,,,,,
219,du,preposition,des,determinant,,du,,,,,,
220,du côté de,preposition,du côté de,,oui,du côté d',,,,,,
221,du fait que,conjunction,du fait que,subordination,oui,du fait qu',,,,,,
222,du moment que,conjunction,du moment que,subordination,oui,du moment qu',,,,,,
223,dudit,determiner,dudit,definite,,desdits,desdites,,,,,
224,dudit,preposition,desdites,adjective,,desdits,dudit,,,,,
225,duquel,pronoun,desquelles,relative,,desquels,duquel,,,,,
226,durant,preposition,durant,,,,,,,,,
227,durant que,conjunction,durant que,subordination,oui,,,,,,,
228,dès,preposition,dès,,,,,,,,,
229,dès avant,preposition,dès avant,,oui,,,,,,,
230,dès lors que,conjunction,dès lors que,subordination,oui,dès lors qu',,,,,,
231,dès que,conjunction,dès que,subordination,oui,dès qu',,,,,,
232,en,preposition,en,,,,,,,,,
233,en,pronoun,en,personal,,,,,,,,
234,en absence de,preposition,en absence de,,oui,en absence d',,,,,,
235,en accord avec,preposition,en accord avec,,oui,,,,,,,
236,en amont de,preposition,en amont de,,oui,en amont d',,,,,,
237,en arrière de,preposition,en arrière de,,oui,en arrière d',,,,,,
238,en aval de,preposition,en aval de,,oui,en aval d',,,,,,
239,en avant de,preposition,en avant de,,oui,en avant d',,,,,,
240,en cas de,preposition,en cas de,,oui,en cas d',,,,,,
241,en ce que,conjunction,en ce que,subordination,oui,en ce qu',,,,,,
242,en ce sens que,conjunction,en ce sens que,subordination,oui,en ce sens qu',,,,,,
243,en contrebas de,preposition,en contrebas de,,oui,en contrebas d',,,,,,
244,en dedans de,preposition,en dedans de,,,en dedans d',,,,,,
245,en dehors de,preposition,en dehors de,,oui,en dehors d',,,,,,
246,en delà de,preposition,en delà de,,oui,en delà d',,,,,,
247,en dessous de,preposition,en dessous de,,oui,en dessous d',,,,,,
248,en début de,preposition,en début de,,oui,en début d',,,,,,
249,en dépit de,preposition,en dépit de,,oui,en dépit d',,,,,,
250,en face de,preposition,en face de,,oui,en face d',,,,,,
251,en fait de,preposition,en fait de,,oui,en fait d',,,,,,
252,en faveur de,preposition,en faveur de,,oui,en faveur d',,,,,,
253,en fin de,preposition,en fin de,,oui,en fin d',,,,,,
254,en guise de,preposition,en guise de,,oui,en guise d',,,,,,
255,en haut de,preposition,en haut de,,oui,en haut d',,,,,,
256,en hommage à,preposition,en hommage à,,oui,,,,,,,
257,en instance de,preposition,en instance de,,oui,en instance d',,,,,,
258,en manière de,preposition,en manière de,,oui,en manière d',,,,,,
259,en manque de,preposition,en manque de,,oui,en manque d',,,,,,
260,en milieu de,preposition,en milieu de,,oui,en milieu d',,,,,,
261,en même temps que,conjunction,en même temps que,subordination,oui,en même temps qu',,,,,,
262,en outre de,preposition,en outre de,,oui,en outre d',,,,,,
263,en perte de,preposition,en perte de,,oui,en perte d',,,,,,
264,en plein,preposition,en plein,,oui,,,,,,,
265,en plein centre de,preposition,en plein centre de,,oui,en plein centre d',,,,,,
266,en plein dans,preposition,en plein dans,,oui,,,,,,,
267,en plein sur,preposition,en plein sur,,oui,,,,,,,
268,en plus de,preposition,en plus de,,oui,en plus d',,,,,,
269,en proie à,preposition,en proie à,,oui,,,,,,,
270,en quête de,preposition,en quête de,,oui,en quête d',,,,,,
271,en raison de,preposition,en raison de,,oui,en raison d',,,,,,
272,en regard de,preposition,en regard de,,oui,en regard d',,,,,,
273,en relation avec,preposition,en relation avec,,oui,,,,,,,
274,en règlement de,preposition,en règlement de,,oui,en règlement d',,,,,,
275,en signe de,preposition,en signe de,,oui,en signe d',,,,,,
276,en sorte que,conjunction,en sorte que,subordination,oui,en sorte qu',,,,,,
277,en tant que,conjunction,en tant que,subordination,oui,en tant qu',,,,,,
278,en tant que,preposition,en tant que,,oui,en tant qu',,,,,,
279,en terme de,preposition,en terme de,,oui,en terme d',,,,,,
280,en termes de,preposition,en termes de,,oui,en termes d',,,,,,
281,en train de,preposition,en train de,,oui,en train d',,,,,,
282,en vertu de,preposition,en vertu de,,oui,en vertu d',,,,,,
283,en voie de,preposition,en voie de,,oui,en voie d',,,,,,
284,en vue de,conjunction,en vue de,subordination,oui,,,,,,,
285,en âge de,preposition,en âge de,,oui,en âge d',,,,,,
286,en-deçà de,preposition,en-deçà de,,oui,en deçà d',en deçà de,en-deçà d',,,,
287,encore que,conjunction,encore que,subordination,oui,encore qu',,,,,,
288,endéans,preposition,endéans,,,,,,,,,
289,entre,preposition,entr',,,entre,,,,,,
290,envers,preposition,envers,,,,,,,,,
291,ergo,conjunction,ergo,coordination,,,,,,,,
292,et,conjunction,et,coordination,,,,,,,,
293,et alors,conjunction,et alors,coordination,oui,,,,,,,
294,et aussi,conjunction,et aussi,coordination,oui,,,,,,,
295,et donc,conjunction,et donc,coordination,oui,,,,,,,
296,et encore,conjunction,et encore,coordination,oui,,,,,,,
297,et même,conjunction,et même,coordination,oui,,,,,,,
298,et même,conjunction,et même,subordination,oui,,,,,,,
299,et puis,conjunction,et puis,coordination,oui,,,,,,,
300,et-ou,conjunction,et-ou,coordination,,et/ou,et|ou,ou/et,,,,
301,eu égard à,preposition,eu égard à,,oui,,,,,,,
302,eux,pronoun,eux,personal,,,,,,,,
303,ex,preposition,ex,,,,,,,,,
304,excepté,preposition,excepté,,,,,,,,,
305,face à,preposition,face à,,oui,,,,,,,
306,faute de,preposition,faute de,,oui,faute d',,,,,,
307,force,determiner,force,indefinite,,,,,,,,
308,fors,preposition,fors,,,,,,,,,
309,grâce à,preposition,grâce à,,oui,,,,,,,
310,hormis,preposition,hormis,,,,,,,,,
311,hors,preposition,hors,,,,,,,,,
312,hors de,preposition,hors de,,oui,hors d',,,,,,
313,huit,numeral,huit,,,,,,,,,
314,huitante,numeral,huitante,,,,,,,,,
315,huitante-cinq,numeral,huitante-cinq,,,,,,,,,
316,huitante-deux,numeral,huitante-deux,,,,,,,,,
317,huitante-et-un,numeral,huitante-et-un,,,,,,,,,
318,huitante-huit,numeral,huitante-huit,,,,,,,,,
319,huitante-neuf,numeral,huitante-neuf,,,,,,,,,
320,huitante-quatre,numeral,huitante-quatre,,,,,,,,,
321,huitante-sept,numeral,huitante-sept,,,,,,,,,
322,huitante-six,numeral,huitante-six,,,,,,,,,
323,huitante-trois,numeral,huitante-trois,,,,,,,,,
324,I,numeral,I,,,,,,,,,
325,icelui,determiner,icelles,demonstrative,,icelui,,,,,,
326,icelui,pronoun,icelle,demonstrative,,icelui,icelles,iceux,,,,
327,II,numeral,II,,,,,,,,,
328,III,numeral,III,,,,,,,,,
329,il,pronoun,elle,personal,,elles,il,ils,,,,
330,il est vrai que,conjunction,il est vrai que,subordination,oui,il est vrai qu',,,,,,
331,il y a,preposition,il y a,,oui,,,,,,,
332,il y a de fortes chances que,conjunction,il y a de fortes chances que,subordination,oui,il y a de fortes chances qu',,,,,,
333,IV,numeral,IV,,,,,,,,,
334,IX,numeral,IX,,,,,,,,,
335,je,pronoun,j',personal,,je,,,,,,
336,je-ne-sais-quoi,pronoun,je-ne-sais-quoi,indefinite,,,,,,,,
337,jouxte,preposition,jouxte,,,,,,,,,
338,jusqu'en,preposition,jusqu'en,,,,,,,,,
339,jusqu'où,preposition,jusqu'où,,,,,,,,,
340,jusqu'à,preposition,jusqu'à,,oui,,,,,,,
341,jusqu'à,conjunction,jusque-là,subordination,,,,,,,,
342,jusqu'à ce que,conjunction,jusqu'à ce que,subordination,oui,jusqu'à ce qu',,,,,,
343,jusque,preposition,jusqu',,,jusque,jusques,jusqu,,,,
344,jusques,preposition,jusques,,,,,,,,,
345,l'autre,pronoun,l'autre,indefinite,oui,les autres,,,,,,
346,l'on,pronoun,l'on,personal,,,,,,,,
347,l'un,pronoun,l'un,indefinite,,l'une,les unes,les uns,,,,
348,l'un et l'autre,pronoun,l'un et l'autre,indefinite,oui,l'une et l'autre,,,,,,
349,l'un ou l'autre,pronoun,l'un ou l'autre,indefinite,oui,l'une ou l'autre,,,,,,
350,la plupart,pronoun,la plupart,indefinite,,,,,,,,
351,la plupart de,determiner,la plupart de,indefinite,oui,la plupart de la,la plupart des,la plupart du,,,,
352,le,determiner,au,definite,,aux,l',le,les,l,la,
353,le,pronoun,la,personal,,le,les,,,,,
354,le leur,pronoun,le leur,possessive,,la leur,les leurs,,,,,
355,le long de,preposition,le long de,,oui,le long d',,,,,,
356,le mien,pronoun,le mien,possessive,,la mienne,les miennes,les miens,,,,
357,le moins de,determiner,le moins de,indefinite,oui,le moins d',,,,,,
358,le moins que,conjunction,le moins que,subordination,oui,le moins qu',,,,,,
359,le nôtre,pronoun,le nôtre,possessive,,la nôtre,les nôtres,,,,,
360,le plus de,determiner,le plus de,indefinite,oui,le plus d',,,,,,
361,le sien,pronoun,le sien,possessive,,la sienne,les siennes,les siens,,,,
362,le temps que,conjunction,le temps que,subordination,oui,le temps qu',,,,,,
363,le tien,pronoun,le tien,possessive,,la tienne,les tiennes,les tiens,,,,
364,le vôtre,pronoun,le vôtre,possessive,,la vôtre,les vôtres,,,,,
365,ledit,determiner,ladite,definite,,ledit,lesdits,lesdites,,,,
366,lequel,pronoun,laquelle,interrogative,,lequel,lesquelles,lesquels,,,,
367,lequel,pronoun,laquelle,relative,,lequel,lesquelles,lesquels,,,,
368,leur,pronoun,leur,personal,,leurs,,,,,,
369,leur,determiner,leur,possessive,,leurs,,,,,,
370,leurszigues,pronoun,leurszigues,personal,,,,,,,,
371,lez,preposition,lez,,,,,,,,,
372,loin de,preposition,loin de,,oui,loin d',,,,,,
373,lors de,preposition,lors de,,oui,lors d',,,,,,
374,lorsque,conjunction,lorsqu',subordination,,lorsque,lorsqu,,,,,
375,lui,pronoun,lui,personal,,,,,,,,
376,lui-même,pronoun,lui-même,personal,,elle-même,elles-mêmes,eux-mêmes,elles-même,eux-même,,
377,lès,preposition,lès,,,lez,,,,,,
378,maint,determiner,maint,indefinite,,mainte,maintes,maints,,,,
379,maintenant que,conjunction,maintenant que,subordination,oui,maintenant qu',,,,,,
380,mais,conjunction,mais,coordination,,,,,,,,
381,mais alors,conjunction,mais alors,coordination,oui,,,,,,,
382,mais aussi,conjunction,mais aussi,coordination,oui,,,,,,,
383,mais encore,conjunction,mais encore,coordination,oui,,,,,,,
384,malgré,preposition,malgré,,,,,,,,,
385,malgré que,conjunction,malgré que,subordination,oui,malgré qu',,,,,,
386,maugré,preposition,maugré,,,,,,,,,
387,me,pronoun,m',personal,,me,m',,,,,
388,mien,pronoun,mien,possessive,,mienne,miennes,miens,,,,
389,mille,numeral,mille,,,,,,,,,
390,moi,pronoun,moi,personal,,,,,,,,
391,moi-même,pronoun,moi-même,personal,,,,,,,,
392,moins de,determiner,moins de,indefinite,oui,moins d',moins de la,moins des,moins du,,,
393,mon,determiner,ma,possessive,,mes,mon,,,,,
394,moyennant,preposition,moyennant,,,,,,,,,
395,moyennant que,conjunction,moyennant que,subordination,,,,,,,,
396,mézigue,pronoun,mézigue,personal,,mézigues,,,,,,
397,même,pronoun,même,indefinite,,mêmes,,,,,,
398,même si,conjunction,même si,subordination,oui,,,,,,,
399,n'importe où,pronoun,n'importe où,indefinite,oui,,,,,,,
400,n'importe quel,determiner,n'importe quel,indefinite,,n'importe quelle,n'importe quelles,n'importe quels,,,,
401,neuf,numeral,neuf,,,,,,,,,
402,ni,conjunction,ni,coordination,,,,,,,,
403,ni l'un ni l'autre,pronoun,ni l'un ni l'autre,indefinite,oui,ni l'une ni l'autre,,,,,,
404,non plus que,conjunction,non plus que,subordination,oui,non plus qu',,,,,,
405,non que,conjunction,non que,subordination,oui,non qu',,,,,,
406,non sans,preposition,non sans,,oui,,,,,,,
407,nonante,numeral,nonante,,,,,,,,,
408,nonante-cinq,numeral,nonante-cinq,,,,,,,,,
409,nonante-deux,numeral,nonante-deux,,,,,,,,,
410,nonante-et-un,numeral,nonante-et-un,,,,,,,,,
411,nonante-huit,numeral,nonante-huit,,,,,,,,,
412,nonante-neuf,numeral,nonante-neuf,,,,,,,,,
413,nonante-quatre,numeral,nonante-quatre,,,,,,,,,
414,nonante-sept,numeral,nonante-sept,,,,,,,,,
415,nonante-six,numeral,nonante-six,,,,,,,,,
416,nonante-trois,numeral,nonante-trois,,,,,,,,,
417,nonobstant,preposition,nonobstant,,,,,,,,,
418,noszigues,pronoun,noszigues,personal,,,,,,,,
419,notre,determiner,nos,possessive,,notre,,,,,,
420,nous,pronoun,nous,personal,,,,,,,,
421,nous-même,pronoun,nous-même,personal,,nous-mêmes,,,,,,
422,nous-mêmes,pronoun,nous-mêmes,personal,,,,,,,,
423,nul,determiner,nul,indefinite,,nulle,nuls,nulles,,,,
424,nul,pronoun,nul,indefinite,,nulle,,,,,,
425,nôtre,pronoun,nôtre,possessive,,nôtres,,,,,,
426,octante,numeral,octante,,,,,,,,,
427,octante-cinq,numeral,octante-cinq,,,,,,,,,
428,octante-deux,numeral,octante-deux,,,,,,,,,
429,octante-et-un,numeral,octante-et-un,,,,,,,,,
430,octante-huit,numeral,octante-huit,,,,,,,,,
431,octante-neuf,numeral,octante-neuf,,,,,,,,,
432,octante-quatre,numeral,octante-quatre,,,,,,,,,
433,octante-sept,numeral,octante-sept,,,,,,,,,
434,octante-six,numeral,octante-six,,,,,,,,,
435,octante-trois,numeral,octante-trois,,,,,,,,,
436,on,pronoun,on,personal,,,,,,,,
437,onze,numeral,onze,,,,,,,,,
438,or,conjunction,or,coordination,,,,,,,,
439,ore,conjunction,ore,coordination,,,,,,,,
440,ou,conjunction,ou,coordination,,,,,,,,
441,ou alors,conjunction,ou alors,coordination,oui,,,,,,,
442,ou bien,conjunction,ou bien,coordination,oui,,,,,,,
443,ou bien encore,conjunction,ou bien encore,coordination,oui,,,,,,,
444,ou encore,conjunction,ou encore,coordination,oui,,,,,,,
445,outre,preposition,outre,,,,,,,,,
446,outre que,conjunction,outre que,subordination,oui,outre qu',,,,,,
447,où,pronoun,où,relative,,,,,,,,
448,où,pronoun,où,interrogative,,,,,,,,
449,pac'que,conjunction,pac'que,subordination,,,,,,,,
450,par,preposition,par,,,,,,,,,
451,par delà,preposition,par delà,,oui,,,,,,,
452,par devers,preposition,par devers,,oui,,,,,,,
453,par le fait que,conjunction,par le fait que,subordination,oui,par le fait qu',,,,,,
454,par rapport à,preposition,par rapport à,,oui,,,,,,,
455,par égard pour,preposition,par égard pour,,oui,,,,,,,
456,par égard à,preposition,par égard à,,oui,,,,,,,
457,par-delà,preposition,par-delà,,,par delà,,,,,,
458,par-dessous,preposition,par-dessous,,,,,,,,,
459,par-dessus,preposition,par-dessus,,,,,,,,,
460,par-devant,preposition,par-devant,,,,,,,,,
461,par-devers,preposition,par-devers,,,,,,,,,
462,parc'que,conjunction,parc'que,subordination,,pac'qu',parc'qu',,,,,
463,parce que,conjunction,parce que,subordination,oui,parce qu',,,,,,
464,parmi,preposition,parmi,,,,,,,,,
465,partant,conjunction,partant,subordination,,,,,,,,
466,pas de,determiner,pas de,indefinite,oui,pas d',,,,,,
467,pas grand-chose,pronoun,pas grand-chose,indefinite,,,,,,,,
468,pas mal de,determiner,pas mal de,indefinite,oui,pas mal d',pas mal de la,pas mal des,pas mal du,,,
469,paske,conjunction,paske,subordination,,pask',,,,,,
470,passé,preposition,passé,,,,,,,,,
471,pcq,conjunction,pcq,subordination,,,,,,,,
472,pdt que,conjunction,pdt que,subordination,oui,,,,,,,
473,pendant,preposition,pendant,,,pdt,,,,,,
474,pendant que,conjunction,pendant que,subordination,oui,pendant qu',,,,,,
475,personne,pronoun,personne,indefinite,,,,,,,,
476,peu de,preposition,peu de,,oui,peu d',,,,,,
477,peu de chose,pronoun,peu de chose,indefinite,oui,,,,,,,
478,pkoi,pronoun,pkoi,interrogative,,,,,,,,
479,plein de,determiner,plein de,indefinite,oui,plein d',,,,,,
480,plein de,preposition,plein de,,oui,plein d',,,,,,
481,plus,conjunction,plus,coordination,,,,,,,,
482,plus d'un,pronoun,plus d'un,indefinite,,plus d'une,,,,,,
483,plus de,determiner,plus de,indefinite,oui,plus d',plus de la,plus des,plus du,,,
484,plus de,preposition,plus de,,oui,plus d',,,,,,
485,plus que,conjunction,plus que,subordination,oui,plus qu',,,,,,
486,plusieurs,determiner,plusieurs,indefinite,,,,,,,,
487,plusieurs,pronoun,plusieurs,indefinite,,,,,,,,
488,plutôt que,conjunction,plutôt que,subordination,oui,plutôt qu',,,,,,
489,plutôt que de,preposition,plutôt que de,,oui,plutôt que d',,,,,,
490,posé,preposition,posé,,,,,,,,,
491,pouic,pronoun,pouic,indefinite,,,,,,,,
492,pour,preposition,pour,,,pr,,,,,,
493,pour autant que,conjunction,pour autant que,subordination,oui,pour autant qu',,,,,,
494,pour cause de,preposition,pour cause de,,oui,pour cause d',,,,,,
495,pour cette raison que,conjunction,pour cette raison que,subordination,oui,pour cette raison qu',,,,,,
496,pour comble de,preposition,pour comble de,,oui,pour comble d',,,,,,
497,pour peu que,conjunction,pour peu que,subordination,oui,pour peu qu',,,,,,
498,pour que,conjunction,pour que,subordination,oui,pour qu',,,,,,
499,pour une fois que,conjunction,pour une fois que,subordination,oui,pour une fois qu',,,,,,
500,pourquoi,conjunction,pourquoi,subordination,,,,,,,,
501,pourquoi,pronoun,pourquoi,interrogative,,,,,,,,
502,pourvu que,conjunction,pourvu que,subordination,oui,pourvu qu',,,,,,
503,proche de,preposition,proche de,,oui,proche d',,,,,,
504,près,preposition,près,,,,,,,,,
505,près de,preposition,près de,,oui,près d',,,,,,
506,puis,conjunction,puis,coordination,,,,,,,,
507,puis,conjunction,puis,subordination,,,,,,,,
508,puisque,conjunction,puisqu',subordination,,puisque,puisqu,,,,,
509,qd,conjunction,qd,subordination,,,,,,,,
510,qq,determiner,qq,indefinite,,qqes,qqs,,,,,
511,qqc,pronoun,qqc,indefinite,,,,,,,,
512,qqch,pronoun,qqch,indefinite,,,,,,,,
513,qqchose,pronoun,qqchose,indefinite,,,,,,,,
514,qqn,pronoun,qqn,indefinite,,,,,,,,
515,quand,conjunction,quand,subordination,,,,,,,,
516,quand,pronoun,quand,interrogative,,,,,,,,
517,quand bien même,conjunction,quand bien même,subordination,oui,,,,,,,
518,quarante,numeral,quarante,,,,,,,,,
519,quarante-cinq,numeral,quarante-cinq,,,,,,,,,
520,quarante-deux,numeral,quarante-deux,,,,,,,,,
521,quarante-et-un,numeral,quarante-et-un,,,,,,,,,
522,quarante-huit,numeral,quarante-huit,,,,,,,,,
523,quarante-neuf,numeral,quarante-neuf,,,,,,,,,
524,quarante-quatre,numeral,quarante-quatre,,,,,,,,,
525,quarante-sept,numeral,quarante-sept,,,,,,,,,
526,quarante-six,numeral,quarante-six,,,,,,,,,
527,quarante-trois,numeral,quarante-trois,,,,,,,,,
528,quatorze,numeral,quatorze,,,,,,,,,
529,quatre,numeral,quatre,,,,,,,,,
530,quatre-vingt,numeral,quatre-vingts,,,quatre-vingt,,,,,,
531,quatre-vingt-cinq,numeral,quatre-vingt-cinq,,,,,,,,,
532,quatre-vingt-deux,numeral,quatre-vingt-deux,,,,,,,,,
533,quatre-vingt-dix,numeral,quatre-vingt-dix,,,,,,,,,
534,quatre-vingt-dix-huit,numeral,quatre-vingt-dix-huit,,,,,,,,,
535,quatre-vingt-dix-neuf,numeral,quatre-vingt-dix-neuf,,,,,,,,,
536,quatre-vingt-dix-sept,numeral,quatre-vingt-dix-sept,,,,,,,,,
537,quatre-vingt-douze,numeral,quatre-vingt-douze,,,,,,,,,
538,quatre-vingt-huit,numeral,quatre-vingt-huit,,,,,,,,,
539,quatre-vingt-neuf,numeral,quatre-vingt-neuf,,,,,,,,,
540,quatre-vingt-onze,numeral,quatre-vingt-onze,,,,,,,,,
541,quatre-vingt-quatorze,numeral,quatre-vingt-quatorze,,,,,,,,,
542,quatre-vingt-quatre,numeral,quatre-vingt-quatre,,,,,,,,,
543,quatre-vingt-quinze,numeral,quatre-vingt-quinze,,,,,,,,,
544,quatre-vingt-seize,numeral,quatre-vingt-seize,,,,,,,,,
545,quatre-vingt-sept,numeral,quatre-vingt-sept,,,,,,,,,
546,quatre-vingt-six,numeral,quatre-vingt-six,,,,,,,,,
547,quatre-vingt-treize,numeral,quatre-vingt-treize,,,,,,,,,
548,quatre-vingt-trois,numeral,quatre-vingt-trois,,,,,,,,,
549,quatre-vingt-un,numeral,quatre-vingt-un,,,,,,,,,
550,quatre-vingt-une,numeral,quatre-vingt-une,,,,,,,,,
551,quatre-vingts,numeral,Quatre-vingts,,,,,,,,,
552,que,conjunction,qu',subordination,,que,qu,,,,,
553,que,pronoun,qu,interrogative,,que,qu',,,,,
554,que,pronoun,que,relative,,qu',,,,,,
555,quel,determiner,quel,exclamatory,,quelle,quelles,quels,,,,
556,quel,pronoun,quel,interrogative,,quelle,quelles,quels,,,,
557,quelqu'autre,pronoun,quelqu'autre,personal,,,,,,,,
558,quelqu'un,pronoun,quelques-uns,personal,,quelqu'un,quelqu'une,quelque-une,quelques-unes,,,
559,quelque,determiner,quelqu',indefinite,,quelque,quelques,quelqu,,,,
560,quelque chose,pronoun,quelque chose,indefinite,,,,,,,,
561,qui,pronoun,qui,interrogative,,,,,,,,
562,qui,pronoun,qui,relative,,,,,,,,
563,qui de droit,pronoun,qui de droit,indefinite,oui,,,,,,,
564,qui que ce soit,pronoun,qui que ce soit,indefinite,,,,,,,,
565,quiconque,pronoun,quiconque,relative,,,,,,,,
566,quid,pronoun,quid,interrogative,,,,,,,,
567,quinze,numeral,quinze,,,,,,,,,
568,quoi,pronoun,quoi,interrogative,,,,,,,,
569,quoi,pronoun,quoi,relative,,,,,,,,
570,quoi que,conjunction,quoi que,subordination,oui,quoi qu',,,,,,
571,quoique,conjunction,quoiqu',subordination,,quoique,quoiqu,,,,,
572,reste à savoir si,conjunction,reste à savoir si,subordination,oui,,,,,,,
573,revoici,preposition,revoici,,,,,,,,,
574,revoilà,preposition,revoilà,,,,,,,,,
575,rez,preposition,rez,,,,,,,,,
576,rien,pronoun,rien,indefinite,,,,,,,,
577,sans,preposition,sans,,,,,,,,,
578,sans que,conjunction,sans que,subordination,oui,sans qu',,,,,,
579,sauf,preposition,sauf,,,,,,,,,
580,sauf que,conjunction,sauf que,subordination,oui,sauf qu',,,,,,
581,sauf à,preposition,sauf à,,oui,,,,,,,
582,se,pronoun,s',personal,,se,,,,,,
583,seize,numeral,seize,,,,,,,,,
584,selon,preposition,selon,,,,,,,,,
585,selon que,conjunction,selon que,subordination,oui,selon qu',,,,,,
586,sept,numeral,sept,,,,,,,,,
587,septante,numeral,septante,,,,,,,,,
588,septante-cinq,numeral,septante-cinq,,,,,,,,,
589,septante-deux,numeral,septante-deux,,,,,,,,,
590,septante-et-un,numeral,septante-et-un,,,,,,,,,
591,septante-huit,numeral,septante-huit,,,,,,,,,
592,septante-neuf,numeral,septante-neuf,,,,,,,,,
593,septante-quatre,numeral,septante-quatre,,,,,,,,,
594,septante-sept,numeral,septante-sept,,,,,,,,,
595,septante-six,numeral,septante-six,,,,,,,,,
596,septante-trois,numeral,septante-trois,,,,,,,,,
597,si,conjunction,si,subordination,,,,,,,,
598,si bien que,conjunction,si bien que,subordination,oui,si bien qu',,,,,,
599,si jamais,conjunction,si jamais,subordination,oui,,,,,,,
600,si peu que,conjunction,si peu que,subordination,oui,si peu qu',,,,,,
601,si près de,preposition,si près de,,oui,si près d',,,,,,
602,sien,pronoun,sien,possessive,,sienne,siennes,siens,,,,
603,sinon,preposition,sinon,,,,,,,,,
604,sinon,conjunction,sinon,subordination,,,,,,,,
605,sinon,conjunction,sinon,coordination,,,,,,,,
606,sinon que,conjunction,sinon que,subordination,oui,sinon qu',,,,,,
607,sitôt,preposition,sitôt,,,,,,,,,
608,sitôt que,conjunction,sitôt que,subordination,oui,sitôt qu',,,,,,
609,six,numeral,six,,,,,,,,,
610,six-vingt,numeral,six-vingt,,,,,,,,,
611,six-vingts,numeral,six-vingts,,,,,,,,,
612,soi,pronoun,soi,personal,,,,,,,,
613,soi-même,pronoun,soi-même,personal,,,,,,,,
614,soit,conjunction,soit,subordination,,,,,,,,
615,soixante,numeral,soixante,,,,,,,,,
616,soixante-cinq,numeral,soixante-cinq,,,,,,,,,
617,soixante-deux,numeral,soixante-deux,,,,,,,,,
618,soixante-dix,numeral,soixante-dix,,,,,,,,,
619,soixante-dix-huit,numeral,soixante-dix-huit,,,,,,,,,
620,soixante-dix-neuf,numeral,soixante-dix-neuf,,,,,,,,,
621,soixante-dix-sept,numeral,soixante-dix-sept,,,,,,,,,
622,soixante-douze,numeral,soixante-douze,,,,,,,,,
623,soixante-et-onze,numeral,soixante-et-onze,,,,,,,,,
624,soixante-et-un,numeral,soixante-et-un,,,,,,,,,
625,soixante-huit,numeral,soixante-huit,,,,,,,,,
626,soixante-neuf,numeral,soixante-neuf,,,,,,,,,
627,soixante-quatorze,numeral,soixante-quatorze,,,,,,,,,
628,soixante-quatre,numeral,soixante-quatre,,,,,,,,,
629,soixante-quinze,numeral,soixante-quinze,,,,,,,,,
630,soixante-seize,numeral,soixante-seize,,,,,,,,,
631,soixante-sept,numeral,soixante-sept,,,,,,,,,
632,soixante-six,numeral,soixante-six,,,,,,,,,
633,soixante-treize,numeral,soixante-treize,,,,,,,,,
634,soixante-trois,numeral,soixante-trois,,,,,,,,,
635,son,determiner,sa,possessive,,ses,son,,,,,
636,sous,preposition,sous,,,,,,,,,
637,sous l'effet de,preposition,sous l'effet de,,oui,sous l'effet d',,,,,,
638,sous le coup de,preposition,sous le coup de,,oui,sous le coup d',,,,,,
639,sous prétexte que,conjunction,sous prétexte que,subordination,oui,sous prétexte qu',,,,,,
640,sous réserve que,conjunction,sous réserve que,subordination,oui,sous réserve qu',,,,,,
641,suite à,preposition,suite à,,oui,,,,,,,
642,suivant,preposition,suivant,,,,,,,,,
643,suivant que,conjunction,suivant que,subordination,oui,suivant qu',,,,,,
644,supposé,preposition,supposé,,,,,,,,,
645,sur,preposition,sur,,,,,,,,,
646,sézigue,pronoun,sézigue,personal,,,,,,,,
647,tandis que,conjunction,tandis que,subordination,oui,tandis qu',,,,,,
648,tant de,determiner,tant de,indefinite,,tant d',tant de la,tant des,tant du,,,
649,tant et si bien que,conjunction,tant et si bien que,subordination,oui,tant et si bien qu',,,,,,
650,tant que,conjunction,tant que,subordination,oui,tant qu',,,,,,
651,te,pronoun,t',personal,,te,t',,,,,
652,tel,pronoun,tel,indefinite,,telle,telles,tels,,,,
653,tel,determiner,tel,indefinite,,telle,telles,tels,,,,
654,tel et tel,determiner,tel et tel,indefinite,,telle et telle,telles et telles,tels et tels,,,,
655,tel et tel,pronoun,tel et tel,indefinite,,telle et telle,telles et telles,tels et tels,,,,
656,tel ou tel,determiner,tel ou tel,indefinite,,telle ou telle,telles ou telles,tels ou tels,,,,
657,tel ou tel,pronoun,tel ou tel,indefinite,,telle ou telle,telles ou telles,tels ou tels,,,,
658,tel que,conjunction,tel que,subordination,oui,tel qu',telle qu',telle que,telles qu',telles que,tels qu',tels que
659,tien,pronoun,tien,possessive,,tienne,tiennes,tiens,,,,
660,toi,pronoun,toi,personal,,,,,,,,
661,toi-même,pronoun,toi-même,personal,,,,,,,,
662,ton,determiner,ta,possessive,,tes,ton,,,,,
663,touchant,preposition,touchant,,,,,,,,,
664,tout,determiner,toute,indefinite,,tout,tous,toutes,,,,
665,tout,pronoun,tous,indefinite,,tout,toutes,toute,,,,
666,tout au bout de,preposition,tout au bout de,,oui,tout au bout d',,,,,,
667,tout au long de,preposition,tout au long de,,oui,tout au long d',,,,,,
668,tout comme,conjunction,tout comme,coordination,oui,,,,,,,
669,tout en haut de,preposition,tout en haut de,,oui,tout en haut d',,,,,,
670,tout le monde,pronoun,tout le monde,indefinite,,,,,,,,
671,tout plein de,preposition,tout plein de,,oui,tout plein d',,,,,,
672,tout près de,preposition,tout près de,,oui,tout près d',,,,,,
673,treize,numeral,treize,,,,,,,,,
674,trente,numeral,trente,,,,,,,,,
675,trente-cinq,numeral,trente-cinq,,,,,,,,,
676,trente-deux,numeral,trente-deux,,,,,,,,,
677,trente-et-quarante,numeral,trente-et-quarante,,,,,,,,,
678,trente-et-un,numeral,trente-et-un,,,,,,,,,
679,trente-huit,numeral,trente-huit,,,,,,,,,
680,trente-neuf,numeral,trente-neuf,,,,,,,,,
681,trente-quatre,numeral,trente-quatre,,,,,,,,,
682,trente-sept,numeral,trente-sept,,,,,,,,,
683,trente-six,numeral,trente-six,,,,,,,,,
684,trente-six mille,numeral,trente-six mille,,,,,,,,,
685,trente-trois,numeral,trente-trois,,,,,,,,,
686,trois,numeral,trois,,,,,,,,,
687,tu,pronoun,tu,personal,,,,,,,,
688,tézigue,pronoun,tézigue,personal,,,,,,,,
689,un,determiner,un,indefinite,,unes,uns,une,des,,,
690,un,numeral,un,,,une,,,,,,
691,un,pronoun,un,indefinite,,une,unes,uns,,,,
692,un drôle de,determiner,un drôle de,indefinite,oui,une drôle de,,,,,,
693,un peu de,determiner,un peu de,indefinite,oui,un peu d',un peu de la,un peu des,un peu du,,,
694,un tel,determiner,un tel,indefinite,,une telle,,,,,,
695,une fois que,conjunction,une fois que,subordination,oui,une fois qu',,,,,,
696,uns,pronoun,uns,personal,,,,,,,,
697,V,numeral,V,,,,,,,,,
698,vers,preposition,vers,,,,,,,,,
699,versus,preposition,versus,,,,,,,,,
700,VI,numeral,VI,,,,,,,,,
701,via,preposition,via,,,,,,,,,
702,VII,numeral,VII,,,,,,,,,
703,VIII,numeral,VIII,,,,,,,,,
704,vingt,numeral,vingt,,,vingts,,,,,,
705,vingt-cinq,numeral,vingt-cinq,,,,,,,,,
706,vingt-deux,numeral,vingt-deux,,,,,,,,,
707,vingt-et-un,numeral,vingt-et-un,,,,,,,,,
708,vingt-huit,numeral,vingt-huit,,,,,,,,,
709,vingt-neuf,numeral,vingt-neuf,,,,,,,,,
710,vingt-quatre,numeral,vingt-quatre,,,,,,,,,
711,vingt-sept,numeral,vingt-sept,,,,,,,,,
712,vingt-six,numeral,vingt-six,,,,,,,,,
713,vingt-trois,numeral,vingt-trois,,,,,,,,,
714,vis-à-vis,preposition,vis-à-vis,,,,,,,,,
715,vis-à-vis de,preposition,vis-à-vis de,,oui,vis-à-vis d',,,,,,
716,voici,preposition,voici,,,,,,,,,
717,voilà,preposition,voilà,,,,,,,,,
718,voire,conjunction,voire,coordination,,,,,,,,
719,voire même,conjunction,voire même,coordination,oui,,,,,,,
720,voszigues,pronoun,voszigues,personal,,,,,,,,
721,vot,determiner,vot,possessive,,vot',,,,,,
722,votre,determiner,votre,possessive,,vos,,,,,,
723,vous,pronoun,vous,personal,,,,,,,,
724,vous-même,pronoun,vous-même,personal,,vous-mêmes,,,,,,
725,vousaille,pronoun,vousaille,personal,,,,,,,,
726,vousailles,pronoun,vousailles,personal,,,,,,,,
727,vs,preposition,vs,,,versus,,,,,,
728,vs,pronoun,vs,personal,,,,,,,,
729,vs.,preposition,vs.,abbreviation,,,,,,,,
730,vu,preposition,vu,,,,,,,,,
731,vôtre,pronoun,vôtre,possessive,,vôtres,,,,,,
732,X,numeral,X,,,,,,,,,
733,XI,numeral,XI,,,,,,,,,
734,XII,numeral,XII,,,,,,,,,
735,XIII,numeral,XIII,,,,,,,,,
736,XIV,numeral,XIV,,,,,,,,,
737,XIX,numeral,XIX,,,,,,,,,
738,XL,numeral,XL,,,,,,,,,
739,XLI,numeral,XLI,,,,,,,,,
740,XLII,numeral,XLII,,,,,,,,,
741,XLIII,numeral,XLIII,,,,,,,,,
742,XLIV,numeral,XLIV,,,,,,,,,
743,XLIX,numeral,XLIX,,,,,,,,,
744,XLV,numeral,XLV,,,,,,,,,
745,XLVI,numeral,XLVI,,,,,,,,,
746,XLVII,numeral,XLVII,,,,,,,,,
747,XLVIII,numeral,XLVIII,,,,,,,,,
748,XV,numeral,XV,,,,,,,,,
749,XVI,numeral,XVI,,,,,,,,,
750,XVII,numeral,XVII,,,,,,,,,
751,XVIII,numeral,XVIII,,,,,,,,,
752,XX,numeral,XX,,,,,,,,,
753,XXI,numeral,XXI,,,,,,,,,
754,XXII,numeral,XXII,,,,,,,,,
755,XXIII,numeral,XXIII,,,,,,,,,
756,XXIV,numeral,XXIV,,,,,,,,,
757,XXIX,numeral,XXIX,,,,,,,,,
758,XXV,numeral,XXV,,,,,,,,,
759,XXVI,numeral,XXVI,,,,,,,,,
760,XXVII,numeral,XXVII,,,,,,,,,
761,XXVIII,numeral,XXVIII,,,,,,,,,
762,XXX,numeral,XXX,,,,,,,,,
763,XXXI,numeral,XXXI,,,,,,,,,
764,XXXII,numeral,XXXII,,,,,,,,,
765,XXXIII,numeral,XXXIII,,,,,,,,,
766,XXXIV,numeral,XXXIV,,,,,,,,,
767,XXXIX,numeral,XXXIX,,,,,,,,,
768,XXXV,numeral,XXXV,,,,,,,,,
769,XXXVI,numeral,XXXVI,,,,,,,,,
770,XXXVII,numeral,XXXVII,,,,,,,,,
771,XXXVIII,numeral,XXXVIII,,,,,,,,,
772,y,pronoun,y,personal,,,,,,,,
773,y compris,preposition,y compris,,oui,,,,,,,
774,zéro,numeral,zéro,,,,,,,,,
775,zéroième,numeral,zéroième,,,,,,,,,
776,à,preposition,au,,,aux,à,,,,,
777,à cause de,preposition,à cause de,,oui,à cause d',,,,,,
778,à chaque fois que,conjunction,à chaque fois que,subordination,oui,à chaque fois qu',,,,,,
779,à condition que,conjunction,à condition que,subordination,oui,à condition qu',,,,,,
780,à côté de,preposition,à côté de,,oui,à côté d',,,,,,
781,à défaut de,preposition,à défaut de,,oui,à défaut d',,,,,,
782,à force de,preposition,à force de,,oui,à force d',,,,,,
783,à hauteur de,preposition,à hauteur de,,oui,à hauteur d',,,,,,
784,à l'aune de,preposition,à l'aune de,,oui,à l'aune d',,,,,,
785,à l'encontre de,preposition,à l'encontre de,,oui,à l'encontre d',,,,,,
786,à l'heure où,conjunction,à l'heure où,subordination,oui,,,,,,,
787,à l'instar de,preposition,à l'instar de,,oui,à l'instar d',,,,,,
788,à l'insu de,preposition,à l'insu de,,oui,à l'insu d',,,,,,
789,à l'égard de,preposition,à l'égard de,,oui,à l'égard d',,,,,,
790,à mesure que,conjunction,à mesure que,subordination,oui,à mesure qu',,,,,,
791,à moins de,preposition,à moins de,,oui,à moins d',,,,,,
792,à moins que,conjunction,à moins que,subordination,oui,à moins qu',,,,,,
793,à même,preposition,à même,,oui,,,,,,,
794,à même de,preposition,à même de,,oui,à même d',,,,,,
795,à partir de,preposition,à partir de,,oui,à partir d',,,,,,
796,à partir du moment où,conjunction,à partir du moment où,subordination,oui,,,,,,,
797,à proportion de,preposition,à proportion de,,oui,à proportion d',,,,,,
798,à propos de,preposition,à propos de,,oui,à propos d',,,,,,
799,à présent que,conjunction,à présent que,subordination,oui,à présent qu',,,,,,
800,à raison de,preposition,à raison de,,oui,à raison d',,,,,,
801,à savoir,conjunction,à savoir,coordination,oui,,,,,,,
802,à supposer que,conjunction,à supposer que,subordination,oui,à supposer qu',,,,,,
803,à tel enseigne que,conjunction,à tel enseigne que,subordination,oui,à telle enseigne qu',à telle enseigne que,,,,,
804,à tel point que,conjunction,à tel point que,subordination,oui,à tel point qu',,,,,,
805,à travers,preposition,à travers,,oui,,,,,,,
806,ça,pronoun,ça,demonstrative,,ç',,,,,,
807,ça,pronoun,ça,personal,,,,,,,,
808,ès,preposition,ès,,,,,,,,,
809,étant donné que,conjunction,étant donné que,subordination,oui,étant donné qu',,,,,,
810,ôté,preposition,ôté,,,,,,,,,
